leaf_id,category,is_healthy,area,perimeter,hull_area,convexity,compactness,major_axis,minor_axis,aspect_ratio
1-1 _ Leaf 9,healthy,1,1183132.5,10032.139841198921,1366028.0,0.866111455987725,0.01175563869567622,2326.316,322.3061,7.2177224
1-1-16 - Scan 1,healthy,1,1238770.5,16529.746172070503,1653709.5,0.7490859186574184,0.004533759568879048,1901.4894,433.4558,4.3868127
1-1-16 - Scan 2,healthy,1,1257871.0,15738.606124639511,1670360.5,0.7530536072901628,0.005078127151472408,1875.4064,428.69406,4.3746963
1-1-16 - Scan 5,healthy,1,1423255.0,15844.650719165802,1743299.0,0.816414740099088,0.005669142559955616,2026.1233,458.55176,4.418527
1-2 _ Lead 8,healthy,1,768894.5,8733.733644366264,988524.5,0.7778203777448106,0.010080147067408512,2113.213,230.27802,9.176789
1-2 _ Leaf 9,healthy,1,984015.5,9715.571299672127,1243203.5,0.791516030963555,0.010424740495813281,2240.7312,282.9109,7.920272
1-2-15 - Scan 2,healthy,1,1673212.5,19938.76968085766,2111569.5,0.792402286545624,0.004208762186967484,2293.2515,454.65723,5.043913
1-2-15 - Scan 4,healthy,1,1741496.0,19656.70366549492,2171332.5,0.8020402218453415,0.004507140539611486,2240.0017,456.13055,4.9108787
1-2-15 - Scan 5,healthy,1,1649825.0,19205.791978120804,2079059.0,0.7935440985561256,0.004472737791815579,2127.7039,438.2656,4.8548274
1-3 _ Leaf 10,healthy,1,918743.0,8991.868639469147,1190772.5,0.771552080687117,0.011363029539579496,2201.332,259.22037,8.492126
1-3 _ Leaf 9,healthy,1,702234.5,9386.732767939568,942084.0,0.7454053990939237,0.007969907004630072,2118.5132,212.93393,9.949158
1-4 _ Leaf 10,healthy,1,1340448.5,10157.654559969902,1519053.5,0.8824234959466536,0.01299161836314839,2455.4941,334.99304,7.3299856
1-4 _ Leaf 8,healthy,1,766996.0,9664.465742111206,1167487.0,0.6569632038729339,0.008211781727812803,2106.0095,244.1955,8.624277
10-1 _ Leaf 8,healthy,1,584884.5,10936.022091031075,1121289.5,0.5216177445699794,0.0048904785072625264,1418.2506,286.87994,4.943708
10-1 _ Leaf 9,healthy,1,895812.0,10972.390833616257,1382553.5,0.6479402062921977,0.007440709317305478,2209.5737,267.00293,8.275466
10-2 _ Leaf 8,healthy,1,505037.5,9881.884131550789,875631.0,0.5767697808780182,0.005171828461721857,1692.1224,205.48448,8.234795
10-2 _ Leaf 9,healthy,1,742926.0,8187.667629003525,920543.5,0.8070514864316569,0.011082178687992645,1943.2627,236.27219,8.224678
10-3 _ Leaf 8,healthy,1,944676.5,9365.595684885979,1233960.5,0.7655646189647075,0.010769915636665775,2162.0195,269.03485,8.036206
10-4 _ Leaf 10,healthy,1,1304533.5,12416.962339520454,1774040.0,0.7353461590494014,0.008461054808305486,2575.6443,333.77304,7.7167535
10-4 _ Leaf 8,healthy,1,850731.5,9884.639402985573,1169225.5,0.7276025882090323,0.008707046271644366,2272.9426,242.13045,9.387265
10-4 _ Leaf 9,healthy,1,1094802.5,9329.179383397102,1316401.5,0.831663060244158,0.012579080393738827,2207.4949,304.86813,7.2408185
2-1 _ Leaf 10,healthy,1,811610.0,9472.774398088455,1158338.5,0.7006673783181686,0.009044675721394486,1990.8844,268.97128,7.4018474
2-1 _ Leaf 8,healthy,1,688784.0,8447.186523675919,921454.0,0.7474968907834791,0.009652923894846482,1796.2626,237.04005,7.577886
2-1 _ Leaf 9,healthy,1,771882.5,8879.699154496193,1237493.0,0.6237469626090815,0.00978936880972538,1984.9165,273.68988,7.2524295
2-1-12 - Scan 1,healthy,1,1120612.5,12332.466953635216,1458899.5,0.7681217931735531,0.007368100513779225,2532.37,280.14236,9.039583
2-1-12 - Scan 3,healthy,1,1051318.5,12873.37864100933,1385743.0,0.7586677327614139,0.0063437961686896105,2555.782,282.20462,9.056485
2-1-12 - Scan 4,healthy,1,759466.0,12535.44465637207,1415238.5,0.5366346379073209,0.0048331341347459455,2596.394,236.69716,10.969266
2-1-13 - Scan 1,healthy,1,1903896.5,27602.569340586662,2552655.0,0.7458495174631903,0.0024988737584473258,2671.9824,424.3904,6.296048
2-1-13 - Scan 2,healthy,1,1826859.5,29122.187528967857,2551927.0,0.7158745136518404,0.0021540568432446964,2600.3948,401.1926,6.481662
2-1-13 - Scan 3,healthy,1,1906695.0,27517.303191184998,2551794.0,0.7471978537452475,0.0025180798032288887,2743.0173,421.03943,6.5148706
2-1-13 - Scan 4,healthy,1,2014939.5,22144.964762568474,2491476.0,0.8087332569127698,0.004108771820806722,2566.2869,440.4942,5.825927
2-1-14 - Scan 1,healthy,1,1670310.5,23356.54253232479,2204035.0,0.7578420941591217,0.003061823147334519,2362.6682,421.478,5.605674
2-1-14 - Scan 2,healthy,1,1722075.0,23394.18807029724,2255330.5,0.7635577136033943,0.0031465606561744625,2469.7153,430.68103,5.7344418
2-1-14 - Scan 4,healthy,1,1786080.5,20514.94630610943,2206756.5,0.8093690898837276,0.004243852291313436,2381.346,445.20563,5.3488674
2-1-16 - Scan 3,healthy,1,1373947.5,16642.633474230766,1715145.5,0.8010676062176649,0.004960506702882275,1967.743,442.94724,4.442387
2-1-16 - Scan 5,healthy,1,1340104.0,17237.635562181473,1713544.0,0.7820657070959368,0.0045100682522857686,1938.1874,445.9102,4.3465867
2-2 _ Leaf 10,healthy,1,1137670.5,9790.434216618538,1345644.0,0.8454468641037303,0.011868957904976093,2358.2837,297.43073,7.92885
2-2 _ Leaf 8,healthy,1,680449.0,8024.554931163788,931123.5,0.7307827586780916,0.010567047789964605,1852.595,234.42137,7.9028416
2-2 _ Leaf 9,healthy,1,945266.0,9495.05449295044,1090024.5,0.8671970217183191,0.010484774976238861,2244.0977,256.09464,8.762767
2-3 _ Leaf 10,healthy,1,1126714.5,9100.880832076073,1387133.5,0.8122610404838467,0.013603386204629923,2243.0757,311.9638,7.1901793
2-3 _ Leaf 8,healthy,1,552936.0,6715.722328186035,728412.5,0.7590973521184768,0.012259969900113295,1637.1719,217.4394,7.5293245
2-3 _ Leaf 9,healthy,1,926996.0,9456.230241775513,1096791.0,0.8451892840112656,0.010366729922302188,2188.254,259.8457,8.421359
3-1 _ Leaf 8,healthy,1,951994.5,7759.954864144325,1027014.5,0.9269533195490424,0.015809424065446238,1923.2261,300.55673,6.3988786
3-1 _ Leaf 9,healthy,1,1248549.0,8735.726504087448,1383453.0,0.9024874715657127,0.016360912936043602,2049.3074,372.22946,5.5054946
3-1-10 - Scan 1,healthy,1,1731442.5,12449.218049168587,1999803.5,0.865806315470495,0.011171819905706221,2793.2708,378.05557,7.388519
3-1-10 - Scan 5,healthy,1,1550284.0,11775.824044942856,1738475.5,0.8917491215723201,0.01117966137556844,2881.7605,342.31473,8.418453
3-1-11 - Scan 2,healthy,1,1378798.0,12457.337010860443,1725782.0,0.7989410018183062,0.00888485239963971,2805.607,321.08456,8.737906
3-1-11 - Scan 3,healthy,1,1450430.0,12361.239470005035,1964963.0,0.7381462144579821,0.009492327945811964,2699.7021,361.10254,7.476276
3-1-11 - Scan 4,healthy,1,1191491.5,11788.937954306602,1599834.5,0.7447592235321842,0.008573172939654025,2685.3801,308.59308,8.70201
3-1-11 - Scan 5,healthy,1,1283232.5,11486.972444176674,1601934.0,0.8010520408456279,0.00972510259942343,2666.3171,327.3147,8.146035
3-1-12 - Scan 2,healthy,1,2003899.5,11686.807676434517,2372383.0,0.844677904031516,0.0146718251473904,2739.5493,448.43106,6.109187
3-1-12 - Scan 3,healthy,1,1945707.0,13584.699489593506,2280115.0,0.853337222026082,0.010543319560940933,2804.8457,426.86676,6.5707755
3-1-13 - Scan 1,healthy,1,1460834.5,9578.9884775877,1737438.5,0.8407978181673769,0.015920683735805723,2161.497,419.9945,5.146489
3-1-13 - Scan 3,healthy,1,1392912.0,12027.813940286636,1753081.5,0.794550624143829,0.00962831471179001,2151.596,408.7821,5.26343
3-2 _ Leaf 8,healthy,1,928472.0,9256.92246222496,1203685.5,0.7713576345316114,0.01083516574784741,2225.429,259.57025,8.573513
3-2 _ Leaf 9,healthy,1,1239445.0,11701.655771493912,1795882.0,0.69015948709325,0.009051751512836458,2584.5518,337.1594,7.6656675
3-3 _ Leaf 8,healthy,1,696048.0,7709.746713399887,912275.5,0.7629800427612053,0.011710055917620331,1903.7073,232.753,8.179088
3-3 _ Leaf 9,healthy,1,1010329.5,9186.797571778297,1241556.0,0.8137607163913669,0.011971118780424544,2268.5842,274.48984,8.2647295
4-1 _ Leaf 10,healthy,1,1565118.5,10388.836237549782,1905438.5,0.8213954425713557,0.014501516601342565,2483.9949,391.43256,6.3459077
4-1 _ Leaf 8,healthy,1,699201.0,8635.206732988358,995244.0,0.7025422911366459,0.009376841219819602,1931.4836,233.75423,8.262882
4-1 _ Leaf 9,healthy,1,1169217.0,10426.833273172379,1588396.5,0.7360989526229754,0.010754500965980338,2466.104,322.14636,7.6552286
4-2 _ Leaf 10,healthy,1,1009976.5,8496.287905335426,1246495.5,0.8102528248196644,0.013991131156589006,2013.2959,318.4838,6.3215017
4-2 _ Leaf 8,healthy,1,581521.5,6789.39642727375,836060.0,0.6955499605291486,0.012615470171367821,1053.1512,394.51025,2.6695156
4-2 _ Leaf 9,healthy,1,814811.0,9030.240346431732,989957.5,0.8230767482442428,0.009992134339936749,2044.0492,246.28664,8.299473
4-2-11 - Scan 3,healthy,1,1669841.0,11013.078878164291,1927658.0,0.8662537649313312,0.013767580378658585,2681.7976,382.43338,7.012457
4-2-11- indoor - Scan 2,healthy,1,1863314.0,30145.64040827751,2672184.0,0.6973000362250503,0.0020503925647161344,2803.7788,401.71887,6.979455
4-2-12 - Scan 1,healthy,1,1488746.5,14388.04054749012,2117473.0,0.7030769695764716,0.007191466262507383,2708.7178,385.59918,7.024698
4-2-12 - Scan 3,healthy,1,1439960.5,10639.272748351097,1639364.5,0.8783650615833147,0.012721159379188907,2618.9482,342.85406,7.6386676
4-2-12- indoor - Scan 1,healthy,1,1881840.0,29328.208949804306,2610393.0,0.7209029444991616,0.0021878201203592157,2820.5903,410.33334,6.8739
4-2-13 - Scan 1,healthy,1,1095750.0,10270.372377157211,1392168.5,0.787081448833241,0.010388171210943332,2233.667,324.01813,6.893648
4-2-13-indoor - Scan 1,healthy,1,1701864.5,25838.737614035606,2372213.5,0.7174162443641772,0.0025490737201830974,2480.8257,409.35,6.0604024
4-2-13-indoor - Scan 2,healthy,1,1786426.5,26261.070655226707,2431485.5,0.7347058002196599,0.002590361020015182,2561.0144,421.6263,6.0741334
4-2-14 - Scan 3,healthy,1,724465.5,5059.377970814705,798382.0,0.9074171261376133,0.028302412586778868,1245.5596,365.04675,3.412055
4-2-14-indoor - Scan 1,healthy,1,1543793.0,25747.94664120674,2209100.0,0.698833461590693,0.0023286481138820787,2339.1406,413.91962,5.6511955
4-2-15 - Scan 2,healthy,1,762067.5,7699.636103510857,957070.5,0.7962501195053029,0.012854436408090758,1815.493,290.95953,6.2396755
4-2-15 - Scan 3,healthy,1,1039395.0,7969.501108407974,1187220.0,0.8754864304846617,0.016365088286559745,1824.496,359.22888,5.078923
4-2-15-indoor - Scan 1,healthy,1,1347932.0,18929.948394060135,1833955.5,0.7349862087711506,0.003761569787510177,1977.9247,434.58334,4.5513124
4-2-15-indoor - Scan 2,healthy,1,1392851.0,16079.347115516663,1774094.0,0.7851055242845081,0.005387258795846955,1912.1328,438.2808,4.362803
4-2-16 - Scan 2,healthy,1,794364.0,7965.133577346802,1125515.0,0.7057782437373114,0.012520838884252568,1683.9827,323.65298,5.20305
4-2-16-indoor - Scan 2,healthy,1,1118175.5,20173.04802286625,1654371.0,0.6758916228584761,0.0027476849031965044,1794.4495,416.29993,4.3104725
4-3 _ Leaf 10,healthy,1,1311655.5,11727.226400971413,1696734.0,0.7730472189512322,0.00953738173280816,2372.4097,356.0968,6.6622605
4-3 _ Leaf 8,healthy,1,929206.0,10877.602825164795,1586364.5,0.5857455836915161,0.007853181064665362,2255.159,272.37952,8.279473
4-3 _ Leaf 9,healthy,1,1064671.5,9554.340851664543,1445603.0,0.736489547960263,0.011663104510573698,2135.7593,324.2437,6.586895
8-1 _ Leaf 10,healthy,1,1080402.5,12164.91356909275,1707026.5,0.6329148961659353,0.007300750807587027,2315.4473,326.68973,7.0876036
8-1 _ Leaf 8,healthy,1,606691.5,8461.723539710045,908961.5,0.6674556623135304,0.00847325440972473,1771.08,218.92169,8.090015
8-1 _ Leaf 9,healthy,1,783407.0,8836.343816041946,1024631.5,0.7645743860109707,0.010033263925630923,2095.2168,235.93492,8.8804865
8-1-13 - Scan 1,healthy,1,1897967.0,15121.79790687561,2367989.0,0.8015100576903018,0.008300070813901897,2826.2651,449.12854,6.2927756
8-1-13 - Scan 2,healthy,1,1149563.0,11523.16631436348,1475902.0,0.7788884356820439,0.008657432553879135,2121.1685,363.15115,5.841007
8-1-14 - Scan 1,healthy,1,1608343.0,10266.083930492401,1872928.5,0.8587316600713802,0.015260510153779484,2442.4185,419.36862,5.824037
8-1-15 - Scan 2,healthy,1,1349346.5,10381.890060305595,1641224.0,0.8221586450112842,0.012519028719695329,1848.0585,453.4829,4.075255
8-1-16 - Scan 2,healthy,1,1133514.0,8621.40774345398,1306539.0,0.8675699692087263,0.015250023677901398,1898.8618,381.93607,4.9716744
8-1-17 - Scan 2,healthy,1,1101035.5,14464.667964100838,1680007.0,0.6553755430780943,0.005262406397532937,1899.0597,378.67526,5.0150084
8-1-18 - Scan 1,healthy,1,784730.0,7982.74583697319,1018991.5,0.7701045592627612,0.01231446792659952,1760.2413,308.3116,5.709293
8-1-19 - Scan 1,healthy,1,711305.0,6872.575140476227,844946.0,0.8418348628196358,0.01505971897897962,1443.5725,313.60004,4.603228
8-2 _ Leaf 10,healthy,1,1347063.0,10633.52966952324,1586664.5,0.8489904450499774,0.01191332564343866,2479.8408,339.13412,7.3122716
8-2 _ Leaf 8,healthy,1,1508959.5,16843.342398285866,2304861.0,0.6546856838655346,0.00531889024902216,3749.556,268.5751,13.960921
8-2 _ Leaf 9,healthy,1,1044829.0,8419.903129339218,1242806.5,0.8407012676551016,0.014737744674948209,2028.0176,313.79028,6.462971
8-3 _ Leaf 10,healthy,1,1623347.5,11664.58052790165,1912334.0,0.8488828311372386,0.011930901086446809,2744.9773,366.42294,7.491281
8-3 _ Leaf 8,healthy,1,836070.0,7924.045264720917,942468.5,0.8871065717315751,0.013315232215836484,1949.5205,258.8675,7.530959
8-3 _ Leaf 9,healthy,1,1293858.5,10591.953111290932,1500689.0,0.8621763070163105,0.01153279796928464,2583.688,306.61935,8.42637
9-1 _ Leaf 8,healthy,1,777399.0,9160.956952095032,1118830.0,0.6948321013916323,0.009263226703974083,2192.1067,229.47298,9.552788
9-1 _ Leaf 9,healthy,1,1090745.5,10538.306361794472,1530698.5,0.7125802370617075,0.009821589761764827,2384.4824,284.49866,8.381349
9-1-11 - Scan 2,healthy,1,1949375.0,24505.069443702698,2484765.5,0.7845307736283363,0.003246261618139323,2767.003,442.88107,6.2477336
9-1-12 - Scan 1,healthy,1,2143255.0,20948.25287413597,2565320.5,0.8354726046901352,0.0048840289548347125,2812.7495,468.14926,6.008232
9-1-12 - Scan 2,healthy,1,1976895.5,24023.82175076008,2492725.0,0.7930660221243819,0.0034253071340373644,2798.8083,455.63232,6.1426907
9-1-12 - Scan 4,healthy,1,2010146.0,22980.447955846786,2493740.0,0.8060768163481358,0.0038063666698596385,2734.7395,446.6498,6.122782
9-1-13 - Scan 1,healthy,1,1747470.5,26833.389415860176,2372608.0,0.736518843399331,0.0024269385840604263,2585.7068,422.77615,6.1160183
9-1-13 - Scan 4,healthy,1,1805491.0,21828.15358042717,2278288.0,0.7924770705020612,0.0037893203864830666,2409.9028,430.5232,5.5976143
9-1-13 - Scan 5,healthy,1,1821527.5,22407.307908415794,2314488.0,0.7870109933600865,0.0036279088599703666,2487.8115,436.703,5.696804
9-1-14 - Scan 1,healthy,1,1607807.0,23127.39238023758,2135149.0,0.7530186417903387,0.0030059418695509007,2296.7239,435.37546,5.275272
9-1-14 - Scan 2,healthy,1,1538560.5,25314.319559693336,2134411.0,0.7208360995141049,0.002400944173847369,2277.544,420.57184,5.4153504
9-1-14 - Scan 4,healthy,1,1552719.0,24598.14589881897,2133555.0,0.7277614122907542,0.002566185939623587,2248.449,422.90433,5.3166847
9-1-14 - Scan 5,healthy,1,1524664.0,23653.80275297165,2073439.5,0.7353308355512664,0.0027250357491891276,2179.2634,416.06232,5.237829
9-2 _ Leaf 10,healthy,1,1354879.5,10110.257591366768,1500319.0,0.9030609490381712,0.01325489311973499,2490.3694,343.537,7.249203
9-2 _ Leaf 8,healthy,1,950905.0,12829.830643892288,1618733.5,0.5874376480130917,0.005776905771225206,2214.3103,286.65295,7.7247076
9-2 _ Leaf 9,healthy,1,1317032.5,11323.991777062416,1603658.0,0.8212676892454626,0.010270637505378245,2625.362,307.6604,8.533312
9-3 _ Leaf 10,healthy,1,806877.5,7027.940583586693,910348.0,0.886339619574053,0.016336215088593415,1745.6024,281.60202,6.1988277
9-3 _ Leaf 8,healthy,1,484206.5,6620.984301686287,607968.0,0.7964341873256487,0.011045503021115684,1378.7584,221.58022,6.2223897
9-3 _ Leaf 9,healthy,1,764243.5,8473.802624106407,1141649.5,0.6694204307013667,0.010643269661040632,1912.6107,259.54187,7.3691797
T10-1 _ Leaf 8,healthy,1,501476.5,6755.514177441597,703870.5,0.7124556292670313,0.010988382449649304,1517.5475,206.99944,7.331167
T10-1 _ Leaf 9,healthy,1,847550.5,8827.268572449684,1068370.5,0.7933114027390311,0.010877094551466128,2132.012,241.6134,8.824063
T10-2 _ Leaf 8,healthy,1,537437.5,8181.969144701958,683248.0,0.786592130529471,0.0080280910900214,1849.695,186.78252,9.902934
T10-2 _ Leaf 9,healthy,1,786778.0,7775.7812032699585,885221.5,0.8887922401342488,0.013012601916576171,1965.6967,242.67758,8.100034
T8-1 _ Leaf 10,healthy,1,769246.5,6946.22485435009,950320.0,0.809460497516626,0.015942919515701398,1742.522,278.37936,6.259523
T8-1 _ Leaf 8,healthy,1,619255.5,7824.131489396095,790068.5,0.7837997591348091,0.010115738446539905,1888.8269,215.94012,8.746994
T8-1 _ Leaf 9,healthy,1,813547.5,9158.042300343513,1159903.5,0.7013924003160608,0.009700131559771312,2105.3455,257.29733,8.182539
T9-3 _ Leaf 10,healthy,1,883774.5,8773.33162343502,1086510.0,0.8134066874672116,0.011481863388778352,2077.9995,266.17245,7.806967
T9-3 _ Leaf 8,healthy,1,478433.5,5863.916198372841,560421.0,0.8537037334432507,0.013913810082580282,1365.614,213.88124,6.3849173
T9-3 _ Leaf 9,healthy,1,748632.0,8919.844254255295,1169999.0,0.6398569571426984,0.009409224790128547,1894.947,275.70673,6.873053
1-1-16-1-1,simulated,0,1320222.5,21653.464324355125,1842806.0,0.7164196882363092,0.0028157387166861604,1994.3805,407.6544,4.8923316
1-1-16-1-2,simulated,0,1430524.0,20818.216631412506,1892651.0,0.7558308425589293,0.0033007155677833703,2141.4524,433.1859,4.943495
1-1-16-1-3,simulated,0,1478689.0,17101.042635440826,1835160.0,0.8057548115695634,0.005056286367690072,2012.5206,446.20908,4.510264
1-1-16-1-5,simulated,0,1262132.0,23215.378099679947,1870295.5,0.6748302607796468,0.0023418186236145552,1970.0079,397.08667,4.9611535
1-1-16-2-3,simulated,0,1370523.0,20345.70871782303,1835825.5,0.7465431763530902,0.0033108589794479675,1974.1241,417.67703,4.726437
1-1-16-2-5,simulated,0,1307067.0,22048.844048023224,1847104.5,0.7076302396534685,0.002688600026670704,1975.7965,405.30728,4.874811
1-1-16-3-2,simulated,0,1313036.0,22145.14852809906,1845996.5,0.7112884558556856,0.002677438096554648,1962.6538,406.3025,4.8305235
1-1-16-3-3,simulated,0,1351603.0,21451.241893053055,1843369.5,0.7332241311359443,0.0029372726854784608,1975.861,412.12427,4.794333
1-1-16-3-4,simulated,0,1318608.5,21174.27429497242,1837092.5,0.7177692467853415,0.0029410255779408504,1978.8326,407.63312,4.8544455
1-1-16-3-5,simulated,0,1347898.5,23189.474429011345,1916201.0,0.703422292337808,0.0025065442640285237,2075.5017,407.3504,5.095126
1-1-9-2-1,simulated,0,1025286.5,10319.370289206505,1453431.5,0.7054247138582038,0.00962806128609879,2307.7102,290.47168,7.9446993
1-1-9-3-1,simulated,0,802935.5,9887.311414122581,1247313.0,0.6437321666654641,0.008213423823701799,2255.633,253.99048,8.880778
1-1-9-4-1,simulated,0,649424.0,7358.231994628906,966821.0,0.6717106889486265,0.011994478808901645,1613.6913,267.05963,6.042438
1-2-14-1-2,simulated,0,1752917.5,24448.085812211037,2313488.0,0.757694658455112,0.002932727788306828,2347.9182,421.49747,5.5704207
1-2-14-1-3,simulated,0,1727113.5,25084.987394928932,2315082.0,0.7460269225884871,0.0027446887649655517,2344.1423,417.6556,5.6126204
1-2-14-1-5,simulated,0,1786995.5,23268.120302081108,2314132.5,0.7722096725230729,0.0033006605144522325,2353.0186,420.63208,5.5940065
1-2-14-2-2,simulated,0,1921032.0,21639.629633426666,2371725.5,0.8099723176227603,0.00410237117854785,2703.3118,450.52,6.000426
1-2-14-2-3,simulated,0,1904548.0,20691.507707357407,2326081.0,0.8187797415481232,0.004448439089523862,2539.6094,446.48346,5.6880255
1-2-14-2-5,simulated,0,1748567.0,24046.97190284729,2312291.0,0.7562054257011769,0.003023858648155046,2486.83,429.70572,5.7872863
1-2-14-3-1,simulated,0,1920631.5,22296.66445839405,2372890.0,0.8094060407351373,0.00386335174473751,2591.5195,440.73322,5.8800187
1-2-14-3-2,simulated,0,1717466.5,26792.717404723167,2373381.0,0.7236370814462575,0.0023925154329853798,2426.2178,407.17624,5.958643
1-2-14-3-3,simulated,0,1792174.5,25279.334716677666,2373121.0,0.7551972697557352,0.0028044584695030047,2477.8286,420.60147,5.8911552
1-2-14-3-4,simulated,0,1728891.0,24539.108109474182,2326163.5,0.7432370940391765,0.0028711115457019064,2422.1323,419.16855,5.778421
1-2-14-3-5,simulated,0,1805127.0,23289.8776614666,2333942.0,0.7734241039408862,0.003327923601143391,2357.579,431.7111,5.4610114
1-2-15-1-1,simulated,0,1719251.5,19255.701577544212,2134705.0,0.8053813056136562,0.0046368251411550085,2256.8289,438.15622,5.15074
1-2-15-1-2,simulated,0,1722388.5,21221.342398285866,2193157.0,0.7853466486895375,0.0038245946390379785,2328.2966,434.94186,5.3531213
1-2-15-1-3,simulated,0,1571955.0,23079.721245527267,2104492.0,0.7469522336031689,0.0029510664662122004,2139.7075,416.1562,5.1415973
1-2-15-1-4,simulated,0,1686624.0,19481.517812013626,2093942.0,0.8054778976686078,0.004443986143005834,2181.9736,434.92023,5.0169516
1-2-15-1-5,simulated,0,1627831.0,20239.262102365494,2073699.0,0.7849890461441126,0.0039739277373108855,2135.3013,427.56506,4.9940968
1-2-15-2-1,simulated,0,1486168.0,25925.18544101715,2130406.0,0.6975984859224017,0.0022111803322088478,2132.1128,394.1886,5.4088645
1-2-15-2-4,simulated,0,1603305.5,21956.489585995674,2131764.5,0.752102542283634,0.0033257566652815924,2089.8413,411.1194,5.0832953
1-2-15-3-3,simulated,0,1467226.5,24897.70400059223,2121188.0,0.6917003584783621,0.0023668926627851603,2018.8301,388.83798,5.191957
1-2-15-3-5,simulated,0,1189978.5,33894.79298341274,2134596.0,0.5574724678580865,0.0010357934093797858,2197.9556,376.65982,5.8353863
1-3-10-1-1,simulated,0,544345.0,5910.99737071991,634297.0,0.8581863070454377,0.015579470951351855,1432.1658,234.05595,6.118903
1-3-10-2-1,simulated,0,439615.0,5560.6887147426605,563271.0,0.7804680162834586,0.014217241291893164,1301.0879,212.6274,6.119098
1-3-10-3-1,simulated,0,426521.5,6308.602490067482,639431.0,0.6670328776678015,0.010717033834152404,1340.9257,200.70976,6.680919
1-3-10-4-1,simulated,0,373587.0,7138.668505430222,672362.5,0.5556333079254122,0.0073309004946525355,1441.4944,186.65392,7.722819
1-3-10-5-1,simulated,0,320761.0,7242.859411239624,584975.0,0.5483328347365272,0.0061145070220244525,1309.8396,167.05463,7.840786
1-3-9-1-1,simulated,0,611589.5,8932.218925595284,886528.5,0.6898700944188484,0.00766551438195483,2143.5972,188.65332,11.362626
1-3-9-2-1,simulated,0,595595.5,9006.880832076073,1002146.5,0.5943197925652587,0.0073418004181676055,2147.8264,210.36392,10.210052
1-3-9-3-1,simulated,0,561344.5,10181.006934046745,1074079.0,0.5226286893235973,0.005415617779471651,2171.5635,180.84456,12.0079
1-3-9-4-1,simulated,0,429264.0,9635.446409225464,880383.0,0.4875877884965975,0.004623605669294086,2183.9983,163.03687,13.395733
1-3-9-5-1,simulated,0,294973.0,6362.256379842758,578600.5,0.5098042604525921,0.007287187320297135,1377.0885,161.0041,8.553126
2-1-13-1-1,simulated,0,1736422.0,29873.630303621292,2492877.0,0.6965534200042762,0.0019457152163975706,2521.6023,402.1994,6.2695327
2-1-13-1-2,simulated,0,1803326.0,27862.19049334526,2486054.5,0.7253766962872294,0.002322970689151697,2572.1877,399.083,6.445245
2-1-13-1-4,simulated,0,1791798.0,28710.208949804306,2492970.5,0.7187401535637906,0.0021737837655063643,2603.3672,406.69318,6.401305
2-1-13-2-2,simulated,0,1875779.5,26612.305279135704,2492989.0,0.7524218919537953,0.002648602543287609,2623.411,414.5431,6.3284397
2-1-13-2-3,simulated,0,1906912.5,25886.62996852398,2510735.0,0.759503691150201,0.0028456385391695013,2594.645,417.22336,6.218839
2-1-13-2-5,simulated,0,1954529.5,24745.698071837425,2491599.0,0.7844478585839856,0.00319185247443683,2609.1084,428.33524,6.0912766
2-1-13-3-1,simulated,0,1336010.5,19611.13721191883,1774309.5,0.752974889668347,0.0034737960322214047,1881.4158,428.63193,4.3893504
2-1-13-3-2,simulated,0,1361069.0,21873.550549030304,1892719.5,0.7191076120893772,0.0028447334159022197,1973.9934,425.9707,4.634106
2-1-13-3-4,simulated,0,1364289.0,20238.16368508339,1832697.5,0.7444158133025226,0.0033309197472453493,1952.3726,426.70245,4.5754895
2-1-13-3-5,simulated,0,1298288.5,22463.596355080605,1833419.0,0.7081242749202447,0.0025728391564388167,2014.7632,424.60898,4.744985
2-1-14-1-3,simulated,0,1301859.0,15249.239470005035,1608229.5,0.809498271235542,0.00559844712395247,1765.9733,447.78522,3.9437954
2-1-14-1-5,simulated,0,1278757.0,17237.718822479248,1654588.0,0.7728552364697435,0.004303565719428566,1877.7292,453.7331,4.1384006
2-1-14-2-1,simulated,0,1296878.5,14495.869850993156,1594459.5,0.8133655950496077,0.006171784142578642,1747.4631,459.43744,3.8034844
2-1-14-2-2,simulated,0,1251442.5,15702.168402314186,1593541.5,0.7853215620678846,0.0050756496659066655,1727.6337,439.89496,3.9273777
2-1-14-2-3,simulated,0,1325597.0,15822.97958445549,1654843.5,0.8010407026404611,0.005294622209657662,1871.3176,457.77487,4.087856
2-1-14-2-4,simulated,0,1185758.5,18407.504742980003,1593297.5,0.7442166324870277,0.0034995032762007742,1885.3041,445.65802,4.230383
2-1-14-3-1,simulated,0,1286723.0,17129.194875478745,1654370.0,0.7777722033160659,0.004385419702401057,1852.196,442.6605,4.184236
2-1-14-3-2,simulated,0,1393940.0,14505.9846367836,1652704.5,0.8434296633185182,0.006624447373642465,1944.83,476.31622,4.0830646
2-1-14-3-4,simulated,0,1342352.0,15489.28824043274,1655914.5,0.8106408875579023,0.005595043803114451,1922.7523,463.0444,4.1524143
2-1-16-1-1,simulated,0,1254241.0,21580.874361991882,1774607.0,0.7067711329888815,0.0026930407222709864,1915.4971,417.43732,4.588706
2-1-16-1-2,simulated,0,1179413.5,22219.464324355125,1716694.0,0.687026051235689,0.0023889052528088474,1780.6683,405.59317,4.3902817
2-1-16-1-3,simulated,0,1221400.5,22815.474429011345,1775381.5,0.6879650936995795,0.002346383983362166,1874.4564,402.2068,4.6604295
2-1-16-1-4,simulated,0,1151749.0,24198.324276924133,1774828.0,0.648935558825982,0.001966922549217931,1823.9136,392.07062,4.652003
2-1-16-1-5,simulated,0,1256615.0,20622.600195884705,1723698.0,0.7290227174365811,0.0029547136252890483,1857.4451,405.8088,4.577143
2-1-16-2-1,simulated,0,1257829.0,19804.24276947975,1714735.0,0.7335413343752825,0.0032070454922512558,1846.6843,416.1502,4.437543
2-1-16-2-2,simulated,0,1246847.5,21043.470253109932,1717725.0,0.7258714287793447,0.0028156496716725795,1841.1267,407.9191,4.5134606
2-1-16-2-3,simulated,0,1393534.5,18057.461901307106,1774040.0,0.7855147009086605,0.004273702733763567,1865.4102,426.79935,4.370696
2-1-16-2-4,simulated,0,1292428.5,21579.0724080801,1773246.5,0.7288487528383674,0.0027754984026546596,1919.8545,414.20755,4.635006
2-1-16-3-1,simulated,0,1249747.0,21202.100634098053,1787049.5,0.6993354129250476,0.002780124979214864,1779.6324,396.0043,4.4939723
2-1-16-3-3,simulated,0,1194471.5,23200.04297053814,1772970.5,0.6737119991562184,0.002219209042924617,1834.7656,400.97028,4.5758147
2-1-16-3-4,simulated,0,1172497.5,22510.87139761448,1716269.0,0.6831665082804619,0.0023138079641484145,1737.905,387.94693,4.479749
2-2-10-1-1,simulated,0,813229.0,7956.374130010605,1037284.5,0.783998025613995,0.012846430275214819,1872.247,276.3626,6.774603
2-2-10-2-1,simulated,0,776862.0,8382.010774850845,1016453.5,0.7642868070206852,0.011057258149708557,1804.3451,262.02432,6.886174
2-2-10-3-1,simulated,0,372564.5,4289.922127127647,427389.0,0.8717222483498639,0.020244294808630818,1032.4033,226.72281,4.5535927
2-2-10-4-1,simulated,0,663322.0,14960.910604715347,1514701.0,0.43792273194511655,0.0029635232968926984,1835.2424,300.83347,6.1005263
2-2-10-5-1,simulated,0,532770.5,9864.28197658062,1166589.5,0.45669063539488397,0.005475316301796328,1863.9829,222.43637,8.379848
2-2-8-1-1,simulated,0,455351.5,5146.0541578531265,524014.5,0.8689673663610453,0.017194837132496407,1294.2146,219.11774,5.9064803
2-2-8-2-1,simulated,0,423927.0,5525.541527032852,498590.5,0.850250857166352,0.013884856107050283,1252.447,210.38461,5.9531302
2-2-8-3-1,simulated,0,363238.0,5998.418724536896,532942.0,0.6815713529802493,0.010095264874809906,1217.2875,187.963,6.476208
2-2-8-4-1,simulated,0,351305.5,5942.293834090233,478931.0,0.7335200686528958,0.009948937513547581,1185.2412,183.84483,6.446965
2-2-8-5-1,simulated,0,162258.0,3855.856111764908,282478.0,0.5744093345322467,0.010913510746751995,820.1929,145.29997,5.6448245
2-2-9-1-1,simulated,0,751663.5,7366.425864815712,867746.5,0.8662247557322329,0.013851914966777734,1837.0759,247.75827,7.4147916
2-2-9-2-1,simulated,0,584404.0,7358.4918801784515,786479.5,0.7430632330531184,0.01079283530349867,1713.5826,218.57707,7.8397183
2-2-9-3-1,simulated,0,651651.0,9185.716399431229,896888.0,0.7265689807423,0.007723052735602399,1781.4374,220.22238,8.089266
2-2-9-4-1,simulated,0,570786.5,8848.572176098824,893249.0,0.6390004354888726,0.00728999612424927,1794.3208,201.27705,8.914681
2-2-9-5-1,simulated,0,426377.5,9752.375341534615,904007.5,0.4716526135015473,0.004483048769521344,1494.8975,199.89961,7.478241
3-2-8-1-1,simulated,0,439344.0,5417.811517238617,526902.5,0.8338240945905552,0.014967763608225828,1296.1287,206.8134,6.2671404
3-2-8-2-1,simulated,0,404196.5,5244.265272974968,513768.5,0.7867288477203254,0.014696815602118987,1220.658,204.67075,5.964008
3-2-8-3-1,simulated,0,361543.5,7191.950688242912,527154.5,0.6858397300981022,0.006989838733608104,1224.8263,175.14574,6.9931836
3-2-8-4-1,simulated,0,340104.0,7310.065474033356,589133.5,0.5772952989432786,0.0063645720329718845,1322.6881,167.64287,7.889916
3-2-8-5-1,simulated,0,192842.5,5312.0541578531265,336647.0,0.5728329674703769,0.006834043907725471,851.59717,155.41774,5.479408
3-2-9-1-1,simulated,0,736613.0,6986.702995300293,908541.5,0.810764285395879,0.015090193738298209,1689.5254,269.8552,6.2608595
3-2-9-2-1,simulated,0,628232.5,7431.455302357674,765240.0,0.8209613977314306,0.011375556707332883,1628.8885,235.22272,6.9248776
3-2-9-3-1,simulated,0,569022.0,8143.025931835175,990168.5,0.5746718866536352,0.008581385697214379,1629.0073,246.85811,6.5989623
3-2-9-4-1,simulated,0,552001.0,8707.608753919601,826342.0,0.6680054989338555,0.007280178871316172,1590.2976,210.5381,7.5534906
3-2-9-5-1,simulated,0,434389.0,8358.177295446396,913288.0,0.4756320021723706,0.006218070770254477,1604.615,216.63333,7.407055
4-2-10-1-1,simulated,0,720102.5,7663.964968800545,1167523.0,0.6167779992342763,0.012259910415502605,1518.944,346.36414,4.385396
4-2-10-2-1,simulated,0,710803.5,7585.8817085027695,1007454.0,0.705544372249254,0.012352004045474412,1615.1332,289.1898,5.585028
4-2-10-3-1,simulated,0,603994.5,6476.190364480019,779217.5,0.7751295370034682,0.01440103718042602,1523.3595,243.75151,6.2496414
4-2-10-4-1,simulated,0,551197.0,7103.996494293213,771076.5,0.7148408750623317,0.01092197978199482,1497.2286,230.58353,6.493216
4-2-10-5-1,simulated,0,427486.0,7446.187400102615,932000.0,0.45867596566523605,0.007709992796406809,1637.9905,203.70464,8.041007
4-2-8-1-1,simulated,0,398630.5,4694.490668654442,456489.0,0.8732532437802444,0.018088125561842146,1176.8721,208.7197,5.638529
4-2-8-2-1,simulated,0,315313.0,4680.095788002014,464234.5,0.6792106144631647,0.014395686913071632,1059.6522,192.68639,5.499362
4-2-8-3-1,simulated,0,294660.5,5971.445197701454,460322.5,0.6401175262994966,0.008263480746057596,1096.3529,172.59932,6.3520117
4-2-8-4-1,simulated,0,205617.0,5107.649172544479,403602.5,0.5094542278603329,0.007881645542711691,1137.5585,142.52107,7.981686
4-2-8-5-1,simulated,0,114549.0,2449.297674894333,154382.5,0.7419817660680452,0.019094494334180527,493.66663,157.49013,3.1345878
4-2-9-1-1,simulated,0,641907.5,6421.39642727375,743606.0,0.863236041667227,0.015567306845511834,1563.4316,250.11703,6.2508
4-2-9-2-1,simulated,0,560694.0,5782.8653399944305,652988.0,0.8586589646364099,0.01676639717654114,1462.9207,236.11609,6.195769
4-2-9-3-1,simulated,0,503162.0,6365.46244263649,677855.0,0.7422855920513974,0.01241789303406308,1449.833,217.38829,6.6693244
4-2-9-4-1,simulated,0,437336.5,6777.552843213081,666321.5,0.6563445724023613,0.009520722351893125,1514.4427,189.98657,7.9713144
4-2-9-5-1,simulated,0,437201.0,7427.92751455307,680141.0,0.6428093586476922,0.00792402491843919,1596.1189,186.82169,8.543542
8-1-10-1-1,simulated,0,772101.5,6870.602490067482,870210.0,0.8872588225830547,0.016356288087087577,1740.7952,270.72974,6.430011
8-1-10-2-1,simulated,0,470157.0,4401.655101299286,510967.0,0.9201318284742459,0.02426670927369395,1103.9167,264.74564,4.169726
8-1-10-3-1,simulated,0,405452.0,4951.586121559143,505945.0,0.8013756435976243,0.016536773308997683,1054.7678,235.62799,4.4764113
8-1-8-1-1,simulated,0,502454.0,9006.946847438812,713555.0,0.7041559515384238,0.006193570825396672,1825.2139,174.45694,10.46226
8-1-8-2-1,simulated,0,490334.0,8214.721451759338,688303.0,0.7123810298662072,0.0072661828909240484,1773.2153,171.97086,10.311138
8-1-8-3-1,simulated,0,343946.5,5840.10292828083,553475.5,0.6214303975514724,0.01008439600560872,1249.2014,181.83185,6.8700914
8-1-9-1-1,simulated,0,769741.0,9614.7012424469,1163242.0,0.6617204330655186,0.00832670218447148,2101.333,240.77534,8.72736
8-1-9-2-1,simulated,0,516931.0,9982.240346431732,1071824.0,0.48229093582528476,0.00518772005987074,2021.1398,185.64883,10.886897
8-1-9-3-1,simulated,0,279255.5,5752.092823624611,485447.5,0.5752537607053286,0.008440146088648001,1103.445,175.546,6.285788
9-1-11-1-1,simulated,0,1939644.0,30379.532762765884,2611873.5,0.7426255521180486,0.002101647362409734,2951.8276,433.38184,6.8111477
9-1-11-1-2,simulated,0,1836526.5,30519.49530851841,2552487.5,0.7195046009040201,0.001971707571863688,2825.6238,426.8743,6.6193347
9-1-11-1-3,simulated,0,1948150.0,27406.2107026577,2612050.5,0.7458316751532943,0.0025937278674094564,2769.1843,412.41864,6.7144985
9-1-11-1-5,simulated,0,1858419.5,29038.349873661995,2554373.5,0.7275441512370842,0.0022039406060592927,2820.6807,424.40527,6.646196
9-1-11-2-1,simulated,0,1884072.0,27925.646337032318,2552604.0,0.7380980363581661,0.0024159671682200306,2785.0273,429.5716,6.483267
9-1-11-2-2,simulated,0,1794834.0,31658.07099032402,2552593.0,0.7031414722206007,0.0017908342454443199,2874.2957,426.51437,6.739036
9-1-11-2-3,simulated,0,1792605.0,29057.95916891098,2495797.0,0.7182495210948647,0.0021230214646217674,2670.0034,428.34512,6.2332993
9-1-11-2-5,simulated,0,1890210.0,24557.495849847794,2461491.5,0.767912462829955,0.0031343096354385846,2539.3325,430.60556,5.8971195
9-1-11-3-1,simulated,0,1880600.0,29580.032324552536,2566026.0,0.7328842342205418,0.002149310415489293,2773.3723,429.7586,6.4533257
9-1-11-3-2,simulated,0,1947874.5,27979.109320998192,2566478.5,0.758967784066767,0.0024882453541290343,2699.819,432.08524,6.248348
9-1-11-3-3,simulated,0,1978809.5,28816.583621144295,2623944.0,0.7541355684420095,0.002382972354775897,2786.4153,430.66742,6.469993
9-1-12-1-1,simulated,0,2072152.5,23933.72420990467,2552566.5,0.8117917789800971,0.003617438442422862,2924.8328,462.17883,6.328357
9-1-12-1-2,simulated,0,2083390.0,21524.776821136475,2494152.5,0.8353097895978694,0.004496693234548499,2706.4963,459.59546,5.8888664
9-1-12-1-4,simulated,0,2021913.0,23601.055163145065,2499487.0,0.8089311926807381,0.0036299414885090503,2719.7368,439.94656,6.1819706
9-1-12-2-4,simulated,0,1903103.5,28398.24640405178,2566473.5,0.7415247030604446,0.002359822630810174,2610.0486,409.036,6.3809752
9-1-12-2-5,simulated,0,1779573.0,29589.920503139496,2500992.5,0.7115467159537664,0.0020324890343586775,2579.8003,400.4534,6.4421983
9-1-12-3-2,simulated,0,941864.0,15488.102386951447,1295851.0,0.7268304766520225,0.003926374998593087,1435.4153,420.0393,3.4173355
9-1-12-3-4,simulated,0,870780.5,16933.805047154427,1294722.5,0.6725614948376969,0.003036683878593018,1455.2278,416.46634,3.4942267
9-1-12-3-5,simulated,0,989648.5,16595.506495833397,1354333.0,0.7307275980131918,0.0035933535328556577,1500.1079,415.98514,3.6061575
9-1-13-1-2,simulated,0,1808948.5,26109.423905730247,2387546.5,0.7576600078783806,0.0026535765711618083,2492.836,420.9082,5.922517
9-1-13-1-3,simulated,0,1766182.0,26905.455431222916,2373007.0,0.7442801475090466,0.0024398029875807776,2687.9954,430.736,6.240471
9-1-13-1-5,simulated,0,1854652.0,24519.43697476387,2373345.5,0.7814504883507268,0.003084902519097015,2695.7104,443.08133,6.084008
9-1-13-2-1,simulated,0,883751.0,13695.749136447906,1183067.5,0.7469996428775196,0.004711490646438349,1291.3314,419.01285,3.0818422
9-1-13-2-2,simulated,0,916458.5,14372.91356909275,1235909.5,0.7415255728675927,0.004436323172362836,1392.1925,433.63083,3.2105477
9-1-13-2-3,simulated,0,945411.5,13486.732767939568,1235545.0,0.7651777150973862,0.005197654124360037,1374.3821,430.69373,3.1910892
9-1-13-2-4,simulated,0,911087.5,13363.256714940071,1176045.5,0.7747042950294015,0.0051019413898114735,1343.0624,435.29828,3.0853841
9-1-13-2-5,simulated,0,914863.5,12599.75210082531,1175640.5,0.778183041499506,0.005762783447311784,1308.3264,436.8035,2.9952288
9-1-13-3-4,simulated,0,881469.0,13856.244522333145,1188165.0,0.7418742346391284,0.0045910916854867865,1285.7184,422.39197,3.0438988
9-1-13-3-5,simulated,0,895533.0,13529.9846367836,1189301.0,0.7529910426376502,0.0048920060687227835,1269.3599,422.3201,3.0056818
9-1-14-1-1,simulated,0,1597563.5,23077.46850025654,2133555.0,0.748780087694013,0.0029997274400304155,2279.7615,430.53342,5.2952023
9-1-14-1-2,simulated,0,1497576.0,27571.212249279022,2141269.0,0.6993871391217077,0.0019700495448002502,2317.7852,420.5079,5.5118704
9-1-14-1-4,simulated,0,1544453.5,25006.173248410225,2139042.5,0.7220303009407246,0.002469905662102842,2320.1663,420.96997,5.511477
9-1-14-1-5,simulated,0,1574935.0,25106.072743177414,2141541.5,0.7354211907637559,0.002498647943306239,2321.6987,426.44705,5.4442835
9-1-14-2-1,simulated,0,1484223.0,26882.219054460526,2134119.0,0.6954734014363773,0.0020538509625653662,2120.9646,396.6342,5.3474073
9-1-14-2-2,simulated,0,1479439.0,21254.17796564102,1956782.0,0.7560571387103929,0.0032749783830138273,1950.588,403.06192,4.839425
9-1-14-2-3,simulated,0,1448261.0,26978.41413617134,2081665.5,0.6957222474023804,0.0019898209616972624,2191.802,403.00058,5.438707
9-1-14-2-4,simulated,0,1442958.5,28673.724880099297,2136988.5,0.6752298854205345,0.0017550343173604508,2131.8145,391.741,5.441898
9-1-14-2-5,simulated,0,1429289.5,26901.113496899605,2081764.5,0.6865759791753582,0.0019750572539188886,2142.3298,395.36304,5.4186397
9-3-10-1-1,simulated,0,608733.0,5913.056245803833,694484.0,0.8765255931022169,0.01741016254236319,1429.2223,258.06277,5.538274
9-3-10-2-1,simulated,0,527996.5,5943.240011334419,700457.0,0.7537885980152957,0.01494804874597763,1442.3063,238.08961,6.0578294
9-3-10-3-1,simulated,0,463641.5,6716.9498118162155,793211.5,0.5845118231392258,0.010276331264052814,1444.3473,223.25189,6.469586
9-3-9-1-1,simulated,0,488810.0,5605.149610757828,627040.0,0.7795515437611635,0.015558426186821133,1304.7288,234.92375,5.553839
9-3-9-2-1,simulated,0,463322.5,5873.10798060894,708643.5,0.6538160584271216,0.013432208352030614,1299.1583,248.68521,5.2241077
9-3-9-3-1,simulated,0,396826.5,6331.690802693367,618589.0,0.641502677868504,0.009898314970133996,1314.3011,211.94156,6.2012434
